Filepath,SampleID,Condition,series_index,channel_index,segment_threshold_multiplier,min_volume,MANUAL_CHECK
20250116_D2_LTB4plusRvD4_MT_250116_D2_RvD4_Take015.nd2,D2_250116_LTB4_RvD4,Donor,0,1,3.5,90,
20251008_TL0259.nd2,D0_20251008_Control_TL0259,Donor,0,1,3.5,90,
ES_20250924_Human_PMN_LPS_LTB4.nd2,D1_20250925_Control_LTB4,Donor,0,1,3.5,90,
benchmark_samples/Sample_.nd2,P18_20250929_Severe_Sepsis,Patient,0,1,3.5,90,
ES_20250930_LPS.nd2,D16_20250930_Control_LPS,Donor,0,1,3.5,90,VERIFY_CHANNEL_ORDER
ES_20250930_LPS.nd2,D16_20250930_LPS,Donor,0,2,3.5,90,VERIFY_CHANNEL_ORDER
ES_20250930_LPS.nd2,D5_20250924_LPS,Donor,0,3,3.5,90,VERIFY_CHANNEL_ORDER
ES_20250930_LTB4.nd2,D16_20250930_Control_LTB4,Donor,0,1,3.5,90,
ES_20251001_LPS.nd2,D5_20251001_Control_LPS,Donor,0,1,3.5,90,
ES_20251001_TL0259.nd2,D5_20251001_Control_TL0259,Donor,0,1,3.5,90,
ES_20251002_TL0259_TL0259wLPS.nd2,D0_20251002_Control_TL0259_LPS,Donor,0,1,3.5,90,
ES_20251002_TL0259_TL0259wLPS.nd2,D0_20251002_TL0259_LPS,Donor,1,1,3.5,90,
ES_20251006_LPS.nd2,D0_20251006_Control_LPS,Donor,0,1,3.5,90,
ES_20251006_LPS.nd2,D0_20251006_LPS,Donor,1,1,3.5,90,
ES_20251006_PGE2.nd2,D0_20251006_Control_PGE2,Donor,0,1,3.5,90,
ES_20251006_PGE2.nd2,D0_20251006_PGE2,Donor,1,1,3.5,90,
ES_20251010_PGE2.nd2,D0_20251014_PGE2,Donor,0,1,3.5,90,
ES_20251010_PGE2.nd2,D2_20251010_PGE2,Donor,1,1,3.5,90,
benchmark_samples/Sample_.nd2,P22_20251013_Septic_Shock_Control,Patient,0,1,3.5,90,
benchmark_samples/Sample__PBS_TL0259.nd2,P22_20251013_Septic_Shock_TL0259,Patient,0,1,3.5,90,
benchmark_samples/Sample__PBS_TL0259.nd2,P22_20251017_Septic_Shock_TL0259,Patient,1,1,3.5,90,
ES_20251014_TL0259_TL0259wPGE2.nd2,D0_20251014_TL0259_PGE2,Donor,0,1,3.5,90,
ES_20251014_Vehicle_PGE2.nd2,D0_20251014_Control_PGE2,Donor,0,1,3.5,90,
benchmark_samples/Sample_.nd2,P11_20251017_Septic_Shock,Patient,0,1,3.5,90,
benchmark_samples/Sample_.nd2,P13_20251021_Infection_Wo_Sepsis_Only,Patient,0,1,3.5,90,
MT_20241203_D2_LTB4-vs-Vehicle_Exp01.nd2,D2_241217_Control_LTB4,Donor,0,1,3.5,90,
MT_20241211_D3_LTB4-vs-Vehicle_Take01.nd2,D3_241211_Control_LTB4,Donor,0,1,3.5,90,
MT_20241213_D7_LTB4-vs-Vehicle_Take01.nd2,D7_241213_LTB4,Donor,0,1,3.5,90,
MT_20241213_D7_LTB4-vs-Vehicle_Take01.nd2,D7_241213_Control_LTB4,Donor,1,1,3.5,90,
MT_20241216_D0_LTB4-vs-Vehicle_Take01.nd2,D0_241216_Control_LTB4_RvD4,Donor,0,1,3.5,90,
MT_20241219_D1_RvD4-plus-LTB4_Take01.nd2,D1_241219_LTB4_RvD4,Donor,0,1,3.5,90,
MT_20250110_D9_RvD4-plus-LTB4_Take01.nd2,D9_250110_LTB4_RvD4,Donor,0,1,3.5,90,
MT_20250114_D2_PMA_Take01.nd2,D2_250114_PMA,Donor,0,1,3.5,90,
MT_20250116_D1_PMA_Take01.nd2,D1_250116_PMA,Donor,0,1,3.5,90,
MT_20250122_D5_PMA_Take01.nd2,D5_250122_PMA,Donor,0,1,3.5,90,
MT_20250122_D5_PMA_Take01.nd2,D5_250122_Control_PMA,Donor,1,1,3.5,90,
MT_20250122_D5_RvD4_Take02.nd2,D5_250122_LTB4_RvD4,Donor,0,1,3.5,90,
MT_20250123_D10_RvD4_Take01.nd2,D10_250123_LTB4_RvD4,Donor,0,1,3.5,90,
MT_20250124_D12_LPS_Take01.nd2,D12_250124_LPS,Donor,0,1,3.5,90,
MT_20250124_D12_LPS_Take01.nd2,D12_250124_Control_LPS,Donor,1,1,3.5,90,
MT_20250124_D12_RvD4_Take01.nd2,D12_250124_LTB4_RvD4,Donor,0,1,3.5,90,
MT_20250127_D14_LPS_Take02.nd2,D14_250127_LPS,Donor,0,1,3.5,90,
MT_20250128_D16_PMA_Take03_.nd2,D16_250128_PMA,Donor,0,1,3.5,90,
MT_20250128_D16_RvD4_Take01.nd2,D16_250128_LTB4_RvD4,Donor,0,1,3.5,90,
MT_20250211_D7_PMA_Take02_MaxIP.nd2,D7_250211_Control_PMA,Donor,0,1,3.5,90,
MT_20250211_D7_PMA_Take02_MaxIP.nd2,D7_250211_PMA,Donor,1,1,3.5,90,
MT_20250303_P2_01_NeuOnly_Veh_Vs_RvD4.nd2,P2_20250303_Hospitalized_Control_Control,Patient,0,1,3.5,90,
MT_20250304_P1_01_NeuOnly_001.nd2,P1_250304_Hospitalized_Control_Control,Patient,0,1,3.5,90,
benchmark_samples/Sample_.nd2,P9_20251015_Infection_Wo_Sepsis_Only_Control,Patient,0,1,3.5,90,RESTORED_GENUINE_RAW_FILE
MT_20250305_P4_01_NeuOnly_001.nd2,P4_250503_FluA,Patient,0,2,3.5,90,VERIFY_CHANNEL_ORDER
benchmark_samples/Sample__PBS_TL0259.nd2,P9_20251015_Infection_Wo_Sepsis_Only_TL0259,Patient,0,1,3.5,90,RESTORED_GENUINE_RAW_FILE
MT_20250306_P6_01_NeuOnly_001.nd2,P6_251103_Hospitalized_Control_Control,Patient,0,1,3.5,90,
MT_20250307_P8_01_NeuOnly_001.nd2,P8_250307_Septic_Shock,Patient,0,1,3.5,90,
MT_20250310_P3_01_NeuOnly_Vs_NeuAndBacteria_001.nd2,P3_250403_Hospitalized_Control_Control,Patient,0,2,3.5,90,PHAGOCYTOSIS_CONTROL_CHAN2_CONFIRMED
MT_20250311_P5_01_NeuOnly_Vs_NeuAndBacteria_001.nd2,P5_251103_Hospitalized_Control_Control,Patient,0,2,3.5,90,PHAGOCYTOSIS_CONTROL_CHAN2_CONFIRMED
MT_20250408_P12_01_NeuOnly_Veh_Vs_RvD4.nd2,P12_250408_Hospitalized_Control_Control,Patient,0,1,3.5,90,
MT_20250414_P14_01_NeuOnly_Vs_NeuAndBacteria_001.nd2,P14_250416_Infection_Wo_Sepsis_Only_Control,Patient,0,2,3.5,90,PHAGOCYTOSIS_CONTROL_CHAN2_CONFIRMED
MT_241217_D2_LTB4vsVhcl_1stTake.nd2.nd2,D2_241217_LTB4,Donor,0,1,3.5,90,
MT_250110_D9_RvD4+LTB4_1stTake.nd2,D9_250110_LTB4,Donor,0,1,3.5,90,
MT_250115_D6_RvD4_Take02.nd2,D6_250115_LTB4_RvD4,Donor,0,1,3.5,90,
MT_250115_D6_RvD4_Take02.nd2,D6_250115_Control_LTB4_RvD4,Donor,1,1,3.5,90,
ZYPMN_20250214_D17_LPS_Take01.nd2,D17_250214_LPS,Donor,0,1,3.5,90,
ZYPMN_20250214_D17_RvD4-plus-LTB4_Take01.nd2,D17_250214_Control_LTB4_RvD4,Donor,0,1,3.5,90,
ZYPMN_20250219_D18_RvD4-plus-LTB4_Take01.nd2,D18_250219_Control_LTB4_RvD4,Donor,0,1,3.5,90,
ZY_MT_HumanPMNs_LTB4_15incubation_15minper30s_D1.nd2,D1_241112_Control_LTB4_RvD4,Donor,0,1,3.5,90,
ZY_MT_HumanPMNs_LTB4_15incubation_15minper30s_D1.nd2,D1_241112_LTB4,Donor,1,1,3.5,90,
ZY_MT_HumanPMNs_LTB4_15incubation_15minper30s_D3_M.nd2,D3_241211_LTB4,Donor,0,1,3.5,90,
ZY_MT_HumanPMNs_LTB4_15incubation_15minper30s_D3_M.nd2,D3_241114_LTB4_RvD4,Donor,1,1,3.5,90,
ZY_MT_HumanPMNs_RvD4_15incubation_15minper30s_D1.nd2,D1_241112_LTB4_RvD4,Donor,0,1,3.5,90,
ZY_MT_HumanPMNs_RvD4_15incubation_15minper30s_D2.nd2,D2_250114_LTB4_RvD4,Donor,0,1,3.5,90,
